id_municipio,uf,taxa_atual,meta_2030,distancia_meta_pp,ritmo_necessario_aa,risco_medio
240730,RN,5.0,80.0,-75.0,12.5,0.7793101893635025
292980,BA,5.714285714285714,80.0,-74.28571428571429,12.380952380952381,0.8333786116544757
290225,BA,6.896551724137931,80.0,-73.10344827586206,12.183908045977011,0.8445716645121475
280510,SE,8.0,80.0,-72.0,12.0,0.8594549968728827
171570,TO,9.375,80.0,-70.625,11.770833333333334,0.8118158783559127
292090,BA,10.909090909090908,80.0,-69.0909090909091,11.515151515151516,0.7965310417774336
292080,BA,12.903225806451612,80.0,-67.09677419354838,11.18279569892473,0.8298108751752282
170770,TO,13.333333333333334,80.0,-66.66666666666667,11.111111111111112,0.8655468148061022
171195,TO,13.793103448275861,80.0,-66.20689655172414,11.03448275862069,0.8337634352541556
170300,TO,13.953488372093023,80.0,-66.04651162790698,11.007751937984496,0.824805701319409
241320,RN,14.285714285714285,80.0,-65.71428571428572,10.952380952380954,0.7813195046250553
220860,PI,14.285714285714285,80.0,-65.71428571428572,10.952380952380954,0.7236259792238834
170390,TO,14.285714285714285,80.0,-65.71428571428572,10.952380952380954,0.7921651261638125
290682,BA,14.545454545454545,80.0,-65.45454545454545,10.909090909090908,0.7992737960875087
292285,BA,15.0,80.0,-65.0,10.833333333333334,0.7527533950480467
291180,BA,15.789473684210526,80.0,-64.21052631578948,10.701754385964913,0.818555195540348
292440,BA,16.312056737588655,80.0,-63.687943262411345,10.61465721040189,0.8086758992141547
280560,SE,16.3265306122449,80.0,-63.673469387755105,10.612244897959185,0.8107352746309057
292420,BA,16.666666666666664,80.0,-63.333333333333336,10.555555555555555,0.8082868260456719
292780,BA,16.666666666666664,80.0,-63.333333333333336,10.555555555555555,0.6690662351089786
290360,BA,16.666666666666664,80.0,-63.333333333333336,10.555555555555555,0.7911768083559096
293245,BA,16.94915254237288,80.0,-63.05084745762712,10.508474576271187,0.808028424576508
292710,BA,16.9811320754717,80.0,-63.0188679245283,10.50314465408805,0.7814545795009893
293305,BA,17.142857142857142,80.0,-62.85714285714286,10.476190476190476,0.7729367697379567
290190,BA,17.17171717171717,80.0,-62.82828282828283,10.471380471380472,0.8445313112001688
240980,RN,17.24137931034483,80.0,-62.758620689655174,10.459770114942529,0.8021197052690519
171250,TO,17.391304347826086,80.0,-62.608695652173914,10.434782608695652,0.7711296624914248
170307,TO,17.857142857142858,80.0,-62.14285714285714,10.357142857142856,0.8459640097313292
240895,RN,18.181818181818183,80.0,-61.81818181818181,10.303030303030303,0.8081411835293068
280490,SE,18.181818181818183,80.0,-61.81818181818181,10.303030303030303,0.8082917660444335
290720,BA,18.385650224215247,80.0,-61.61434977578475,10.269058295964125,0.8668860751775623
291540,BA,18.51851851851852,80.0,-61.48148148148148,10.246913580246913,0.8428999479603791
241420,RN,18.681318681318682,80.0,-61.318681318681314,10.219780219780219,0.8148415570288994
293110,BA,18.75,80.0,-61.25,10.208333333333334,0.7948210524458947
292937,BA,19.35483870967742,80.0,-60.64516129032258,10.10752688172043,0.7886242024960437
280420,SE,19.672131147540984,80.0,-60.32786885245902,10.05464480874317,0.7481750356971526
280200,SE,20.0,80.0,-60.0,10.0,0.7561282835981926
291910,BA,20.0,80.0,-60.0,10.0,0.8280759433160905
291060,BA,20.28985507246377,80.0,-59.710144927536234,9.951690821256038,0.8209096844802234
280150,SE,20.3125,80.0,-59.6875,9.947916666666666,0.8307252208275033
130426,AM,20.51282051282051,80.0,-59.48717948717949,9.914529914529915,0.7976621939628294
170900,TO,20.634920634920633,80.0,-59.36507936507937,9.894179894179894,0.7913527545020942
291100,BA,20.689655172413794,80.0,-59.310344827586206,9.885057471264368,0.7655983285686413
292500,BA,21.052631578947366,80.0,-58.94736842105263,9.824561403508772,0.7450121137577255
293020,BA,21.29032258064516,80.0,-58.70967741935484,9.78494623655914,0.8029254004247517
290180,BA,21.428571428571427,80.0,-58.57142857142857,9.761904761904761,0.7607622029315364
290220,BA,21.428571428571427,80.0,-58.57142857142857,9.761904761904761,0.8316619927458543
290210,BA,21.428571428571427,80.0,-58.57142857142857,9.761904761904761,0.8209468264685675
290760,BA,21.62162162162162,80.0,-58.37837837837838,9.72972972972973,0.7735519025934512
293140,BA,21.73913043478261,80.0,-58.26086956521739,9.710144927536232,0.7291118029436902
290530,BA,21.73913043478261,80.0,-58.26086956521739,9.710144927536232,0.7956824500936742
280400,SE,21.818181818181817,80.0,-58.18181818181819,9.696969696969697,0.7967615683951117
291085,BA,22.22222222222222,80.0,-57.77777777777778,9.62962962962963,0.7789443833369402
293080,BA,22.22222222222222,80.0,-57.77777777777778,9.62962962962963,0.7679079035114859
291700,BA,22.429906542056074,80.0,-57.570093457943926,9.595015576323988,0.8013174788083488
292370,BA,22.429906542056074,80.0,-57.570093457943926,9.595015576323988,0.8142937630851201
350860,SP,22.448979591836736,80.0,-57.55102040816327,9.591836734693878,0.6343010943138352
290020,BA,22.535211267605636,80.0,-57.46478873239437,9.577464788732394,0.8140484635088541
291270,BA,22.82608695652174,80.0,-57.173913043478265,9.528985507246377,0.7909695267619088
251315,PB,22.857142857142858,80.0,-57.14285714285714,9.523809523809524,0.7811852587454478
292610,BA,22.916666666666664,80.0,-57.083333333333336,9.51388888888889,0.8222143943654218
291140,BA,23.076923076923077,80.0,-56.92307692307692,9.487179487179487,0.7860332753267637
270360,AL,23.076923076923077,80.0,-56.92307692307692,9.487179487179487,0.8046277542610527
220335,PI,23.076923076923077,80.0,-56.92307692307692,9.487179487179487,0.7873677115800983
292000,BA,23.076923076923077,80.0,-56.92307692307692,9.487179487179487,0.7503160820859156
293010,BA,23.214285714285715,80.0,-56.785714285714285,9.464285714285714,0.8228504882299387
220205,PI,23.404255319148938,80.0,-56.59574468085106,9.432624113475176,0.7143705703221345
160050,AP,23.48993288590604,80.0,-56.51006711409396,9.41834451901566,0.811754049876482
291960,BA,23.52941176470588,80.0,-56.470588235294116,9.411764705882353,0.8019866347797162
160010,AP,23.636363636363637,80.0,-56.36363636363636,9.393939393939393,0.7770666872690912
150740,PA,23.684210526315788,80.0,-56.31578947368421,9.385964912280702,0.7164593380972447
240700,RN,23.684210526315788,80.0,-56.31578947368421,9.385964912280702,0.6986293520143354
240210,RN,23.809523809523807,80.0,-56.19047619047619,9.365079365079366,0.740945512834249
240470,RN,23.91304347826087,80.0,-56.086956521739125,9.347826086956522,0.7475038530735256
292020,BA,23.943661971830984,80.0,-56.056338028169016,9.342723004694836,0.7610866999988329
290687,BA,23.958333333333336,80.0,-56.041666666666664,9.340277777777777,0.7802910865779845
290580,BA,24.0,80.0,-56.0,9.333333333333334,0.7912855915317697
291630,BA,24.0,80.0,-56.0,9.333333333333334,0.8088269139944861
293170,BA,24.137931034482758,80.0,-55.86206896551724,9.310344827586206,0.7852503432573572
291580,BA,24.175824175824175,80.0,-55.824175824175825,9.304029304029305,0.799140871523743
291530,BA,24.242424242424242,80.0,-55.75757575757576,9.292929292929292,0.7634581785379757
250520,PB,24.324324324324326,80.0,-55.67567567567568,9.27927927927928,0.7810245016898396
280240,SE,24.324324324324326,80.0,-55.67567567567568,9.27927927927928,0.7881683006311689
290990,BA,24.418604651162788,80.0,-55.58139534883721,9.263565891472869,0.7920628653170442
292210,BA,24.444444444444443,80.0,-55.55555555555556,9.25925925925926,0.7678801510247385
291535,BA,24.489795918367346,80.0,-55.51020408163265,9.251700680272108,0.7766839560057275
292270,BA,24.489795918367346,80.0,-55.51020408163265,9.251700680272108,0.7485876016053852
292760,BA,24.561403508771928,80.0,-55.43859649122807,9.239766081871345,0.7790925255653945
291390,BA,24.81203007518797,80.0,-55.18796992481203,9.197994987468672,0.7672875631391307
292265,BA,25.0,80.0,-55.0,9.166666666666666,0.7775925394868346
240160,RN,25.0,80.0,-55.0,9.166666666666666,0.8194907430728235
220265,PI,25.0,80.0,-55.0,9.166666666666666,0.7448188413947037
172020,TO,25.0,80.0,-55.0,9.166666666666666,0.7492597820339216
291855,BA,25.0,80.0,-55.0,9.166666666666666,0.7419633790973529
292150,BA,25.0,80.0,-55.0,9.166666666666666,0.7743752326232041
170305,TO,25.0,80.0,-55.0,9.166666666666666,0.7117047571867083
241500,RN,25.0,80.0,-55.0,9.166666666666666,0.765575598196563
240540,RN,25.0,80.0,-55.0,9.166666666666666,0.8252350191036173
280590,SE,25.0,80.0,-55.0,9.166666666666666,0.8032946682245626
291110,BA,25.0,80.0,-55.0,9.166666666666666,0.807484524148217
291190,BA,25.0,80.0,-55.0,9.166666666666666,0.8018241266753261
211125,MA,25.0,80.0,-55.0,9.166666666666666,0.6746615968362557
293050,BA,25.252525252525253,80.0,-54.74747474747475,9.124579124579125,0.8219963016205007
280280,SE,25.263157894736842,80.0,-54.73684210526316,9.12280701754386,0.7130771014972852
280360,SE,25.31645569620253,80.0,-54.68354430379747,9.113924050632912,0.7983840924982802
290780,BA,25.423728813559322,80.0,-54.57627118644068,9.096045197740112,0.735371072456505
280020,SE,25.64102564102564,80.0,-54.358974358974365,9.059829059829061,0.8292336043748739
293270,BA,25.64102564102564,80.0,-54.358974358974365,9.059829059829061,0.7760115414100182
293300,BA,25.71428571428571,80.0,-54.28571428571429,9.04761904761905,0.7360513578900838
292800,BA,25.806451612903224,80.0,-54.193548387096776,9.03225806451613,0.7908646557529636
292335,BA,25.925925925925924,80.0,-54.074074074074076,9.012345679012347,0.7857552375610763
290040,BA,25.925925925925924,80.0,-54.074074074074076,9.012345679012347,0.7909704524609922
241040,RN,26.0,80.0,-54.0,9.0,0.7404386008245669
270710,AL,26.027397260273972,80.0,-53.97260273972603,8.995433789954339,0.8031934428393859
250720,PB,26.08695652173913,80.0,-53.913043478260875,8.985507246376812,0.7878655162592587
171886,TO,26.08695652173913,80.0,-53.913043478260875,8.985507246376812,0.794291199661307
290323,BA,26.08695652173913,80.0,-53.913043478260875,8.985507246376812,0.7852794478157152
280660,SE,26.190476190476193,80.0,-53.80952380952381,8.968253968253968,0.6968140222863451
150340,PA,26.229508196721312,80.0,-53.77049180327869,8.96174863387978,0.7256552154086727
292305,BA,26.31578947368421,80.0,-53.684210526315795,8.947368421052632,0.7628353573687544
270610,AL,26.31578947368421,80.0,-53.684210526315795,8.947368421052632,0.6946259725834402
500560,MS,26.41509433962264,80.0,-53.58490566037736,8.930817610062894,0.7385217868028118
292920,BA,26.47058823529412,80.0,-53.529411764705884,8.92156862745098,0.7804464148402592
280100,SE,26.53061224489796,80.0,-53.46938775510204,8.91156462585034,0.7359966427280293
293150,BA,26.582278481012654,80.0,-53.41772151898735,8.902953586497892,0.7749419589178376
293077,BA,26.61290322580645,80.0,-53.38709677419355,8.897849462365592,0.7570952841492112
290270,BA,26.633165829145728,80.0,-53.366834170854275,8.894472361809045,0.7825854753830728
290470,BA,26.666666666666668,80.0,-53.33333333333333,8.888888888888888,0.7924884191459973
293240,BA,26.666666666666668,80.0,-53.33333333333333,8.888888888888888,0.7647875558642915
240120,RN,26.666666666666668,80.0,-53.33333333333333,8.888888888888888,0.7734578879852172
270540,AL,26.666666666666668,80.0,-53.33333333333333,8.888888888888888,0.7381082957631493
292935,BA,26.666666666666668,80.0,-53.33333333333333,8.888888888888888,0.7800758675509548
290840,BA,26.737967914438503,80.0,-53.2620320855615,8.877005347593583,0.7646915685726324
292160,BA,26.82926829268293,80.0,-53.170731707317074,8.861788617886178,0.7492206688609928
291310,BA,26.82926829268293,80.0,-53.170731707317074,8.861788617886178,0.7864259178860326
290890,BA,26.865671641791046,80.0,-53.134328358208954,8.855721393034825,0.8076448121308665
290250,BA,26.865671641791046,80.0,-53.134328358208954,8.855721393034825,0.7049764575649147
290090,BA,26.923076923076923,80.0,-53.07692307692308,8.846153846153847,0.766501943479223
241120,RN,26.923076923076923,80.0,-53.07692307692308,8.846153846153847,0.7642996697617429
280210,SE,26.94063926940639,80.0,-53.05936073059361,8.843226788432268,0.7405961014051404
290490,BA,27.0,80.0,-53.0,8.833333333333334,0.7698175740982743
280540,SE,27.027027027027028,80.0,-52.97297297297297,8.828828828828827,0.8306338585528594
290710,BA,27.049180327868854,80.0,-52.950819672131146,8.825136612021858,0.7633891858724007
150700,PA,27.06766917293233,80.0,-52.93233082706767,8.822055137844613,0.7676781849107731
292580,BA,27.160493827160494,80.0,-52.839506172839506,8.806584362139917,0.77362631777661
293060,BA,27.27272727272727,80.0,-52.727272727272734,8.787878787878789,0.7688324219750835
291992,BA,27.27272727272727,80.0,-52.727272727272734,8.787878787878789,0.7446027744027198
170110,TO,27.27272727272727,80.0,-52.727272727272734,8.787878787878789,0.7373552398175715
280640,SE,27.500000000000004,80.0,-52.5,8.75,0.7960925652878101
292970,BA,27.586206896551722,80.0,-52.41379310344828,8.735632183908047,0.8089282575241085
290670,BA,27.631578947368425,80.0,-52.368421052631575,8.728070175438596,0.7205575124240833
220850,PI,27.659574468085108,80.0,-52.34042553191489,8.723404255319148,0.6822221127462539
351140,SP,27.659574468085108,80.0,-52.34042553191489,8.723404255319148,0.6658886856101403
280120,SE,27.67295597484277,80.0,-52.327044025157235,8.721174004192873,0.8054615888760231
291370,BA,27.722772277227726,80.0,-52.277227722772274,8.712871287128712,0.7740355401314059
292225,BA,27.77777777777778,80.0,-52.22222222222222,8.703703703703704,0.7916870539891915
270130,AL,27.835051546391753,80.0,-52.16494845360825,8.694158075601374,0.7646485053358794
270310,AL,27.884615384615387,80.0,-52.11538461538461,8.685897435897436,0.7874084919744667
221110,PI,27.89473684210526,80.0,-52.10526315789474,8.68421052631579,0.7544464486427185
241290,RN,28.000000000000004,80.0,-52.0,8.666666666666666,0.69257984982273
270050,AL,28.037383177570092,80.0,-51.96261682242991,8.66043613707165,0.7477949233960591
292525,BA,28.04878048780488,80.0,-51.951219512195124,8.658536585365853,0.7646372541512853
291730,BA,28.07017543859649,80.0,-51.92982456140351,8.654970760233917,0.6941263442387168
290560,BA,28.235294117647058,80.0,-51.76470588235294,8.627450980392156,0.7540424102744127
150747,PA,28.235294117647058,80.0,-51.76470588235294,8.627450980392156,0.7082795583853987
290140,BA,28.26086956521739,80.0,-51.73913043478261,8.623188405797102,0.7288183832205348
280230,SE,28.26086956521739,80.0,-51.73913043478261,8.623188405797102,0.7743546393390995
292600,BA,28.26086956521739,80.0,-51.73913043478261,8.623188405797102,0.765796009752686
290820,BA,28.35820895522388,80.0,-51.64179104477612,8.606965174129353,0.7645859597048595
220880,PI,28.37837837837838,80.0,-51.62162162162162,8.603603603603604,0.6945314874077173
240510,RN,28.57142857142857,80.0,-51.42857142857143,8.571428571428571,0.7560378317665671
220230,PI,28.57142857142857,80.0,-51.42857142857143,8.571428571428571,0.7821518536571888
241340,RN,28.57142857142857,80.0,-51.42857142857143,8.571428571428571,0.7740571774531113
293015,BA,28.57142857142857,80.0,-51.42857142857143,8.571428571428571,0.7625906729167795
293030,BA,28.57142857142857,80.0,-51.42857142857143,8.571428571428571,0.7533228775485012
280550,SE,28.57142857142857,80.0,-51.42857142857143,8.571428571428571,0.7030119803547626
291220,BA,28.57142857142857,80.0,-51.42857142857143,8.571428571428571,0.7635218625944024
291030,BA,28.57142857142857,80.0,-51.42857142857143,8.571428571428571,0.7296608642189681
280480,SE,28.590078328981722,80.0,-51.40992167101828,8.568320278503046,0.8024167546884793
291955,BA,28.622540250447226,80.0,-51.37745974955277,8.562909958258794,0.7410574669346464
150280,PA,28.761061946902654,80.0,-51.23893805309734,8.539823008849558,0.8074995809277061
280060,SE,28.799999999999997,80.0,-51.2,8.533333333333333,0.7797433233582953
292810,BA,28.8135593220339,80.0,-51.186440677966104,8.531073446327683,0.77118262738091
291480,BA,28.82096069868996,80.0,-51.17903930131004,8.529839883551674,0.762256743721825
241440,RN,28.888888888888886,80.0,-51.111111111111114,8.518518518518519,0.7524863645200137
290790,BA,28.915662650602407,80.0,-51.08433734939759,8.5140562248996,0.7768142941655419
170650,TO,28.947368421052634,80.0,-51.05263157894737,8.508771929824562,0.7085686290418901
292400,BA,28.967254408060455,80.0,-51.032745591939545,8.50545759865659,0.7856214944742724
280340,SE,29.03225806451613,80.0,-50.96774193548387,8.494623655913978,0.7604485631646631
352970,SP,29.03225806451613,80.0,-50.96774193548387,8.494623655913978,0.747544291605425
353940,SP,29.166666666666668,80.0,-50.83333333333333,8.472222222222221,0.6201168440705119
292040,BA,29.166666666666668,80.0,-50.83333333333333,8.472222222222221,0.6852349055979006
220327,PI,29.166666666666668,80.0,-50.83333333333333,8.472222222222221,0.7527412152459868
270720,AL,29.268292682926827,80.0,-50.73170731707317,8.455284552845528,0.6822446138000137
270060,AL,29.268292682926827,80.0,-50.73170731707317,8.455284552845528,0.7277156898829904
280570,SE,29.268292682926827,80.0,-50.73170731707317,8.455284552845528,0.7329717880846469
290380,BA,29.310344827586203,80.0,-50.689655172413794,8.448275862068966,0.7599495728463393
250030,PB,29.357798165137616,80.0,-50.642201834862384,8.440366972477063,0.7652441512463982
290395,BA,29.411764705882355,80.0,-50.588235294117645,8.431372549019608,0.7305837789738572
292805,BA,29.411764705882355,80.0,-50.588235294117645,8.431372549019608,0.7621004856945306
291840,BA,29.526462395543174,80.0,-50.47353760445682,8.41225626740947,0.7671385457318315
210083,MA,29.577464788732392,80.0,-50.42253521126761,8.403755868544602,0.731290867604183
293290,BA,29.646017699115045,80.0,-50.35398230088495,8.392330383480825,0.7607619496883886
270560,AL,29.6875,80.0,-50.3125,8.385416666666666,0.7400725974914428
291465,BA,29.71014492753623,80.0,-50.289855072463766,8.381642512077294,0.7845759824678189
150530,PA,29.749103942652326,80.0,-50.250896057347674,8.375149342891278,0.7393697746618354
130360,AM,29.82456140350877,80.0,-50.17543859649123,8.362573099415206,0.7152680499317826
291360,BA,29.883138564273793,80.0,-50.11686143572621,8.3528102392877,0.7732718472216876
292290,BA,30.0,80.0,-50.0,8.333333333333334,0.7877278217347444
170190,TO,30.0,80.0,-50.0,8.333333333333334,0.6627957546810513
430710,RS,30.0,80.0,-50.0,8.333333333333334,0.47921168856336616
251180,PB,30.0,80.0,-50.0,8.333333333333334,0.6981394266540957
211167,MA,30.0,80.0,-50.0,8.333333333333334,0.6399019436697913
240370,RN,30.0,80.0,-50.0,8.333333333333334,0.5526679283631275
240630,RN,30.0,80.0,-50.0,8.333333333333334,0.7016411420895277
240420,RN,30.0,80.0,-50.0,8.333333333333334,0.767880126146049
280520,SE,30.0,80.0,-50.0,8.333333333333334,0.7520960629473493
293280,BA,30.0,80.0,-50.0,8.333333333333334,0.738420552244454
130255,AM,30.0,80.0,-50.0,8.333333333333334,0.7015745149718656
150520,PA,30.057803468208093,80.0,-49.94219653179191,8.323699421965317,0.8056838874218352
291915,BA,30.075187969924812,80.0,-49.92481203007519,8.320802005012531,0.8004195652216524
170384,TO,30.303030303030305,80.0,-49.696969696969695,8.282828282828282,0.7627190624518766
290330,BA,30.303030303030305,80.0,-49.696969696969695,8.282828282828282,0.7371364824866656
500780,MS,30.303030303030305,80.0,-49.696969696969695,8.282828282828282,0.6720032970246045
280067,SE,30.37974683544304,80.0,-49.62025316455696,8.270042194092825,0.7520515674837659
240550,RN,30.434782608695656,80.0,-49.565217391304344,8.26086956521739,0.7975712958529395
291690,BA,30.434782608695656,80.0,-49.565217391304344,8.26086956521739,0.7438436189502704
220490,PI,30.434782608695656,80.0,-49.565217391304344,8.26086956521739,0.7536038513858346
291345,BA,30.434782608695656,80.0,-49.565217391304344,8.26086956521739,0.7165348724502808
240880,RN,30.434782608695656,80.0,-49.565217391304344,8.26086956521739,0.7196426348323592
290700,BA,30.434782608695656,80.0,-49.565217391304344,8.26086956521739,0.7559641217184169
220140,PI,30.434782608695656,80.0,-49.565217391304344,8.26086956521739,0.6704938766876046
291005,BA,30.472103004291846,80.0,-49.527896995708154,8.254649499284692,0.7388786646414278
240830,RN,30.48780487804878,80.0,-49.51219512195122,8.252032520325203,0.7175926390646942
240710,RN,30.5,80.0,-49.5,8.25,0.7721940114975234
171190,TO,30.508474576271187,80.0,-49.49152542372882,8.248587570621469,0.7450837292819775
291750,BA,30.522088353413658,80.0,-49.47791164658634,8.24631860776439,0.7698890534339621
270380,AL,30.526315789473685,80.0,-49.473684210526315,8.24561403508772,0.7639369224347649
250540,PB,30.555555555555557,80.0,-49.44444444444444,8.24074074074074,0.6029739625101092
280460,SE,30.58823529411765,80.0,-49.41176470588235,8.235294117647058,0.7540235272235042
500480,MS,30.612244897959183,80.0,-49.38775510204081,8.231292517006802,0.7128178258369369
290120,BA,30.612244897959183,80.0,-49.38775510204081,8.231292517006802,0.7308269563362904
250140,PB,30.612244897959183,80.0,-49.38775510204081,8.231292517006802,0.6942237572951627
293190,BA,30.630630630630627,80.0,-49.36936936936937,8.228228228228229,0.7438129494920388
280440,SE,30.681818181818183,80.0,-49.31818181818181,8.219696969696969,0.7723102037175056
292280,BA,30.76923076923077,80.0,-49.230769230769226,8.205128205128204,0.7257840312544928
292540,BA,30.76923076923077,80.0,-49.230769230769226,8.205128205128204,0.7778580842794304
292560,BA,30.76923076923077,80.0,-49.230769230769226,8.205128205128204,0.8360399904185962
221120,PI,30.89430894308943,80.0,-49.10569105691057,8.184281842818429,0.7602408541655449
240220,RN,30.89430894308943,80.0,-49.10569105691057,8.184281842818429,0.7277899508819798
270255,AL,30.909090909090907,80.0,-49.09090909090909,8.181818181818182,0.7252220339644468
270240,AL,30.923694779116467,80.0,-49.07630522088353,8.17938420348059,0.7681653538049916
314085,MG,30.952380952380953,80.0,-49.04761904761905,8.174603174603176,0.7162349694953233
130050,AM,30.967741935483872,80.0,-49.03225806451613,8.172043010752688,0.7856926308118755
160080,AP,30.985915492957744,80.0,-49.014084507042256,8.169014084507042,0.7558541925875304
290680,BA,31.03448275862069,80.0,-48.96551724137931,8.160919540229886,0.7973960319299266
280270,SE,31.11111111111111,80.0,-48.888888888888886,8.148148148148147,0.821223408390944
291920,BA,31.2280701754386,80.0,-48.7719298245614,8.128654970760232,0.7732453973769657
210250,MA,31.25,80.0,-48.75,8.125,0.6487650511011893
291810,BA,31.25,80.0,-48.75,8.125,0.7793113955219403
510777,MT,31.25,80.0,-48.75,8.125,0.6637954930503391
290290,BA,31.343283582089555,80.0,-48.656716417910445,8.109452736318408,0.7445367520914962
510650,MT,31.3953488372093,80.0,-48.6046511627907,8.10077519379845,0.7048389165199861
290610,BA,31.428571428571427,80.0,-48.57142857142857,8.095238095238095,0.7549784663430043
352100,SP,31.506849315068493,80.0,-48.49315068493151,8.082191780821917,0.6259939180157529
150120,PA,31.538461538461537,80.0,-48.46153846153847,8.076923076923078,0.7490836367217898
290650,BA,31.555555555555554,80.0,-48.44444444444444,8.074074074074074,0.731469947583265
292480,BA,31.57894736842105,80.0,-48.421052631578945,8.070175438596491,0.6505228572336399
250640,PB,31.57894736842105,80.0,-48.421052631578945,8.070175438596491,0.7511358975665182
150307,PA,31.61764705882353,80.0,-48.38235294117647,8.063725490196079,0.7249377290654918
291490,BA,31.63265306122449,80.0,-48.36734693877551,8.061224489795919,0.7561361224479892
270740,AL,31.70731707317073,80.0,-48.29268292682927,8.048780487804878,0.7810611935264244
260990,PE,31.718061674008812,80.0,-48.28193832599119,8.046989720998532,0.7311171192947289
292170,BA,31.818181818181817,80.0,-48.18181818181819,8.030303030303031,0.7499992409429315
292310,BA,31.818181818181817,80.0,-48.18181818181819,8.030303030303031,0.7847114409088006
291510,BA,31.818181818181817,80.0,-48.18181818181819,8.030303030303031,0.7787967287708074
291660,BA,31.818181818181817,80.0,-48.18181818181819,8.030303030303031,0.7564972362018626
291620,BA,31.818181818181817,80.0,-48.18181818181819,8.030303030303031,0.7508129035258514
270500,AL,31.914893617021278,80.0,-48.08510638297872,8.01418439716312,0.6537253348245449
500520,MS,31.932773109243694,80.0,-48.0672268907563,8.011204481792717,0.7641135187439096
170560,TO,32.0,80.0,-48.0,8.0,0.7358519799119633
171890,TO,32.0,80.0,-48.0,8.0,0.7405428549561346
170040,TO,32.0,80.0,-48.0,8.0,0.7002441740054518
292465,BA,32.0,80.0,-48.0,8.0,0.5626828281839481
291070,BA,32.065217391304344,80.0,-47.934782608695656,7.989130434782609,0.7498202626420989
290550,BA,32.075471698113205,80.0,-47.924528301886795,7.987421383647799,0.8122441007678161
240230,RN,32.075471698113205,80.0,-47.924528301886795,7.987421383647799,0.7453431159606572
210220,MA,32.142857142857146,80.0,-47.857142857142854,7.976190476190475,0.6896014927141693
292570,BA,32.142857142857146,80.0,-47.857142857142854,7.976190476190475,0.764340368858635
293040,BA,32.25806451612903,80.0,-47.74193548387097,7.956989247311828,0.7350552721673259
291165,BA,32.25806451612903,80.0,-47.74193548387097,7.956989247311828,0.7413401845003557
150050,PA,32.25806451612903,80.0,-47.74193548387097,7.956989247311828,0.7383405361953996
291980,BA,32.29166666666667,80.0,-47.70833333333333,7.951388888888888,0.7083955157389927
240145,RN,32.30769230769231,80.0,-47.69230769230769,7.948717948717949,0.6857968991532816
500750,MS,32.432432432432435,80.0,-47.567567567567565,7.927927927927928,0.6400322235383498
280170,SE,32.467532467532465,80.0,-47.532467532467535,7.922077922077922,0.783175526571318
220050,PI,32.5,80.0,-47.5,7.916666666666667,0.7751359249257418
150450,PA,32.63888888888889,80.0,-47.36111111111111,7.893518518518518,0.7432867851437707
293360,BA,32.64248704663213,80.0,-47.35751295336787,7.8929188255613125,0.7559665351813709
292390,BA,32.69230769230769,80.0,-47.30769230769231,7.884615384615384,0.7318224477298785
290930,BA,32.72727272727273,80.0,-47.27272727272727,7.878787878787879,0.7438217564479186
241400,RN,32.72727272727273,80.0,-47.27272727272727,7.878787878787879,0.6582687159174813
290630,BA,32.773109243697476,80.0,-47.226890756302524,7.871148459383754,0.7800740350363756
130230,AM,32.800000000000004,80.0,-47.199999999999996,7.866666666666666,0.6854897817248046
292820,BA,32.967032967032964,80.0,-47.032967032967036,7.838827838827839,0.7357489301844174
291400,BA,32.972972972972975,80.0,-47.027027027027025,7.837837837837838,0.7559834682382687
291080,BA,32.996632996633,80.0,-47.003367003367,7.8338945005611675,0.7500350627162707
241220,RN,33.02325581395349,80.0,-46.97674418604651,7.829457364341085,0.7449249250416111
240050,RN,33.33333333333333,80.0,-46.66666666666667,7.777777777777779,0.6566387010098194
221135,PI,33.33333333333333,80.0,-46.66666666666667,7.777777777777779,0.773200722423782
292720,BA,33.33333333333333,80.0,-46.66666666666667,7.777777777777779,0.7403010494353621
210317,MA,33.33333333333333,80.0,-46.66666666666667,7.777777777777779,0.6830051004026912
171888,TO,33.33333333333333,80.0,-46.66666666666667,7.777777777777779,0.7238118188238184
240910,RN,33.33333333333333,80.0,-46.66666666666667,7.777777777777779,0.7164156770674676
280370,SE,33.33333333333333,80.0,-46.66666666666667,7.777777777777779,0.7181133903252709
330115,RJ,33.33333333333333,80.0,-46.66666666666667,7.777777777777779,0.7278141453874214
312730,MG,33.33333333333333,80.0,-46.66666666666667,7.777777777777779,0.5432534810314832
292750,BA,33.33333333333333,80.0,-46.66666666666667,7.777777777777779,0.7860011852125204
220410,PI,33.33333333333333,80.0,-46.66666666666667,7.777777777777779,0.6580414039401714
150070,PA,33.33333333333333,80.0,-46.66666666666667,7.777777777777779,0.7582081228666597
291150,BA,33.33333333333333,80.0,-46.66666666666667,7.777777777777779,0.6714780784645188
291160,BA,33.33333333333333,80.0,-46.66666666666667,7.777777777777779,0.7484545129028475
220435,PI,33.33333333333333,80.0,-46.66666666666667,7.777777777777779,0.7302098452373493
240340,RN,33.33333333333333,80.0,-46.66666666666667,7.777777777777779,0.6812999935519319
240660,RN,33.33333333333333,80.0,-46.66666666666667,7.777777777777779,0.7011391825041531
240130,RN,33.33333333333333,80.0,-46.66666666666667,7.777777777777779,0.6961870472339537
220987,PI,33.33333333333333,80.0,-46.66666666666667,7.777777777777779,0.7346686585836667
290170,BA,33.33333333333333,80.0,-46.66666666666667,7.777777777777779,0.7748292547266408
432085,RS,33.33333333333333,80.0,-46.66666666666667,7.777777777777779,0.693561684925353
130353,AM,33.33333333333333,80.0,-46.66666666666667,7.777777777777779,0.7406121804108463
292660,BA,33.50515463917525,80.0,-46.49484536082475,7.749140893470791,0.698728686089849
280130,SE,33.587786259541986,80.0,-46.412213740458014,7.735368956743002,0.72948774733329
270520,AL,33.6734693877551,80.0,-46.3265306122449,7.72108843537415,0.7082415645805393
292930,BA,33.70786516853933,80.0,-46.29213483146067,7.715355805243445,0.7515387688354972
291120,BA,33.72093023255814,80.0,-46.27906976744186,7.713178294573644,0.6849205549357065
330350,RJ,33.74749498997996,80.0,-46.25250501002004,7.70875083500334,0.7362262840828485
150470,PA,33.78378378378378,80.0,-46.21621621621622,7.702702702702703,0.7454303979695066
290590,BA,33.82352941176471,80.0,-46.17647058823529,7.696078431372548,0.7484009668423551
291240,BA,33.89830508474576,80.0,-46.10169491525424,7.683615819209041,0.7378162940771215
290620,BA,33.9622641509434,80.0,-46.0377358490566,7.672955974842767,0.7607049960033108
291830,BA,34.090909090909086,80.0,-45.909090909090914,7.651515151515152,0.731287976982981
270580,AL,34.090909090909086,80.0,-45.909090909090914,7.651515151515152,0.7261232719612021
290035,BA,34.146341463414636,80.0,-45.853658536585364,7.642276422764227,0.6412293992060272
280600,SE,34.146341463414636,80.0,-45.853658536585364,7.642276422764227,0.6765908085239655
150780,PA,34.166666666666664,80.0,-45.833333333333336,7.638888888888889,0.7304502882189914
240020,RN,34.24657534246575,80.0,-45.75342465753425,7.6255707762557075,0.6683819937179153
241335,RN,34.285714285714285,80.0,-45.714285714285715,7.6190476190476195,0.7579834226272498
240580,RN,34.34343434343434,80.0,-45.65656565656566,7.60942760942761,0.7657893607187332
291733,BA,34.375,80.0,-45.625,7.604166666666667,0.706547181992516
291670,BA,34.375,80.0,-45.625,7.604166666666667,0.7289172867753533
241090,RN,34.375,80.0,-45.625,7.604166666666667,0.7463239442604568
250300,PB,34.40860215053764,80.0,-45.59139784946236,7.5985663082437265,0.7310578634129365
150460,PA,34.45378151260504,80.0,-45.54621848739496,7.591036414565827,0.7357989468303493
150345,PA,34.45378151260504,80.0,-45.54621848739496,7.591036414565827,0.6806165395206556
280720,SE,34.48275862068966,80.0,-45.51724137931034,7.586206896551723,0.5890495781170412
171488,TO,34.523809523809526,80.0,-45.476190476190474,7.579365079365079,0.7415338953177577
293315,BA,34.54545454545455,80.0,-45.45454545454545,7.575757575757575,0.8073252520028962
280320,SE,34.55882352941176,80.0,-45.44117647058824,7.5735294117647065,0.7540384721896137
280220,SE,34.61538461538461,80.0,-45.38461538461539,7.564102564102565,0.7884505835281085
241160,RN,34.61538461538461,80.0,-45.38461538461539,7.564102564102565,0.6388419324570506
220667,PI,34.61538461538461,80.0,-45.38461538461539,7.564102564102565,0.7316165702681587
293076,BA,34.61538461538461,80.0,-45.38461538461539,7.564102564102565,0.6479094849925
420250,SC,34.61538461538461,80.0,-45.38461538461539,7.564102564102565,0.6750081212044508
170600,TO,34.61538461538461,80.0,-45.38461538461539,7.564102564102565,0.6048403481145077
251140,PB,34.66666666666667,80.0,-45.33333333333333,7.5555555555555545,0.5872733412347519
280070,SE,34.69387755102041,80.0,-45.30612244897959,7.551020408163265,0.7501069159615907
270880,AL,34.751773049645394,80.0,-45.248226950354606,7.541371158392434,0.6871352768554151
291250,BA,34.78260869565217,80.0,-45.21739130434783,7.536231884057972,0.623080876322896
292120,BA,34.78260869565217,80.0,-45.21739130434783,7.536231884057972,0.6656737565134626
210180,MA,34.78260869565217,80.0,-45.21739130434783,7.536231884057972,0.5379762976365206
250090,PB,34.78260869565217,80.0,-45.21739130434783,7.536231884057972,0.6649751355280087
160005,AP,34.78260869565217,80.0,-45.21739130434783,7.536231884057972,0.5643304021584968
420340,SC,34.78260869565217,80.0,-45.21739130434783,7.536231884057972,0.6415861114859992
240930,RN,34.78260869565217,80.0,-45.21739130434783,7.536231884057972,0.7625706418764556
270630,AL,34.86590038314176,80.0,-45.13409961685824,7.52234993614304,0.730678944985475
240990,RN,34.883720930232556,80.0,-45.116279069767444,7.51937984496124,0.6899600278721366
250250,PB,34.883720930232556,80.0,-45.116279069767444,7.51937984496124,0.7089895938041235
160040,AP,34.899328859060404,80.0,-45.100671140939596,7.516778523489933,0.7088648120393755
150030,PA,34.95575221238938,80.0,-45.04424778761062,7.507374631268437,0.724868243196608
431920,RS,35.0,80.0,-45.0,7.5,0.5546693144736481
250380,PB,35.0,80.0,-45.0,7.5,0.6859501053873734
250330,PB,35.0,80.0,-45.0,7.5,0.6231095741543069
160020,AP,35.0,80.0,-45.0,7.5,0.7044322973526137
240940,RN,35.0,80.0,-45.0,7.5,0.6815801803812056
291780,BA,35.08771929824561,80.0,-44.91228070175439,7.485380116959065,0.725942975695512
250905,PB,35.08771929824561,80.0,-44.91228070175439,7.485380116959065,0.6502309968901474
250100,PB,35.08771929824561,80.0,-44.91228070175439,7.485380116959065,0.7019089530665577
293220,BA,35.13513513513514,80.0,-44.86486486486486,7.4774774774774775,0.7685107933331055
292230,BA,35.2112676056338,80.0,-44.7887323943662,7.464788732394367,0.6963017881058954
220790,PI,35.294117647058826,80.0,-44.705882352941174,7.450980392156862,0.7338884140901789
290265,BA,35.294117647058826,80.0,-44.705882352941174,7.450980392156862,0.7713507689080775
292925,BA,35.294117647058826,80.0,-44.705882352941174,7.450980392156862,0.7409457464014251
280030,SE,35.320512820512825,80.0,-44.679487179487175,7.446581196581196,0.7008558817058166
150440,PA,35.38461538461539,80.0,-44.61538461538461,7.435897435897435,0.7207223042758868
290070,BA,35.38461538461539,80.0,-44.61538461538461,7.435897435897435,0.7284289051352085
430110,RS,35.41666666666667,80.0,-44.58333333333333,7.4305555555555545,0.6880909383208506
292590,BA,35.41666666666667,80.0,-44.58333333333333,7.4305555555555545,0.7179691192085835
313930,MG,35.44303797468354,80.0,-44.55696202531646,7.426160337552743,0.6698083535191782
290340,BA,35.44303797468354,80.0,-44.55696202531646,7.426160337552743,0.7339217422703747
290750,BA,35.51401869158878,80.0,-44.48598130841122,7.414330218068536,0.6648067731349908
150090,PA,35.56701030927835,80.0,-44.43298969072165,7.405498281786941,0.6723552298224774
150495,PA,35.61643835616438,80.0,-44.38356164383562,7.397260273972603,0.6632082441786674
240720,RN,35.61643835616438,80.0,-44.38356164383562,7.397260273972603,0.7528055282723581
150040,PA,35.62874251497006,80.0,-44.37125748502994,7.395209580838324,0.7159550393690876
150820,PA,35.638297872340424,80.0,-44.361702127659576,7.393617021276596,0.7416861541101704
130185,AM,35.68904593639576,80.0,-44.31095406360424,7.385159010600707,0.6629197765220057
314995,MG,35.714285714285715,80.0,-44.285714285714285,7.3809523809523805,0.6270743780032012
150290,PA,35.78947368421053,80.0,-44.21052631578947,7.368421052631579,0.7469595304073483
500710,MS,35.80246913580247,80.0,-44.19753086419753,7.366255144032922,0.6817937871217048
510785,MT,35.84905660377358,80.0,-44.15094339622642,7.358490566037736,0.7287475987070247
292205,BA,35.8974358974359,80.0,-44.1025641025641,7.35042735042735,0.8005930414208965
270440,AL,35.9375,80.0,-44.0625,7.34375,0.6753223843073303
290390,BA,35.973597359735976,80.0,-44.026402640264024,7.337733773377337,0.7366267604886381
220196,PI,36.0,80.0,-44.0,7.333333333333333,0.6974964239603234
172065,TO,36.0,80.0,-44.0,7.333333333333333,0.7067774896986755
291290,BA,36.0,80.0,-44.0,7.333333333333333,0.7319157640843109
354600,SP,36.0,80.0,-44.0,7.333333333333333,0.6057310998989167
291570,BA,36.0,80.0,-44.0,7.333333333333333,0.6650039213008233
250157,PB,36.0,80.0,-44.0,7.333333333333333,0.6634405046787163
220920,PI,36.0,80.0,-44.0,7.333333333333333,0.6215289574985065
220770,PI,36.00654664484452,80.0,-43.99345335515548,7.332242225859247,0.7331965190701342
292880,BA,36.04060913705584,80.0,-43.95939086294416,7.326565143824027,0.7579253443400505
171790,TO,36.11111111111111,80.0,-43.88888888888889,7.314814814814816,0.6823283880149649
250053,PB,36.11111111111111,80.0,-43.88888888888889,7.314814814814816,0.6407563374156112
150720,PA,36.11111111111111,80.0,-43.88888888888889,7.314814814814816,0.748255287299481
290300,BA,36.11111111111111,80.0,-43.88888888888889,7.314814814814816,0.7127513232275063
500790,MS,36.330935251798564,80.0,-43.669064748201436,7.278177458033572,0.704021872782164
290160,BA,36.36363636363637,80.0,-43.63636363636363,7.2727272727272725,0.7357331465087059
290800,BA,36.36363636363637,80.0,-43.63636363636363,7.2727272727272725,0.7060406594998617
280040,SE,36.36363636363637,80.0,-43.63636363636363,7.2727272727272725,0.7825461942188793
280630,SE,36.36363636363637,80.0,-43.63636363636363,7.2727272727272725,0.8113315084956452
220610,PI,36.36363636363637,80.0,-43.63636363636363,7.2727272727272725,0.6893723643937325
353890,SP,36.36363636363637,80.0,-43.63636363636363,7.2727272727272725,0.6090486794202512
270800,AL,36.407766990291265,80.0,-43.592233009708735,7.265372168284789,0.6846181772539217
292770,BA,36.41618497109826,80.0,-43.58381502890174,7.263969171483623,0.6873686643325988
290080,BA,36.44859813084112,80.0,-43.55140186915888,7.258566978193147,0.7037263957692393
241140,RN,36.58536585365854,80.0,-43.41463414634146,7.235772357723577,0.6468525204988804
290260,BA,36.58536585365854,80.0,-43.41463414634146,7.235772357723577,0.718512639419298
355540,SP,36.702127659574465,80.0,-43.297872340425535,7.216312056737589,0.7130261772831475
290850,BA,36.734693877551024,80.0,-43.265306122448976,7.210884353741496,0.720956927526468
220555,PI,36.734693877551024,80.0,-43.265306122448976,7.210884353741496,0.6789745860223723
290860,BA,36.76470588235294,80.0,-43.23529411764706,7.205882352941177,0.7256315692761514
290980,BA,36.76470588235294,80.0,-43.23529411764706,7.205882352941177,0.7360069484268769
290570,BA,36.788990825688074,80.0,-43.211009174311926,7.201834862385321,0.7301214337961462
292630,BA,36.84210526315789,80.0,-43.15789473684211,7.192982456140352,0.7143027364421561
150549,PA,36.84210526315789,80.0,-43.15789473684211,7.192982456140352,0.702726894407871
150330,PA,36.86274509803922,80.0,-43.13725490196078,7.18954248366013,0.6878387028669984
292650,BA,36.92307692307693,80.0,-43.07692307692307,7.179487179487179,0.7635474473522955
130423,AM,37.0,80.0,-43.0,7.166666666666667,0.6962303003013802
292665,BA,37.03703703703704,80.0,-42.96296296296296,7.160493827160494,0.5911365855478466
280140,SE,37.03703703703704,80.0,-42.96296296296296,7.160493827160494,0.7434473146422379
251530,PB,37.06293706293706,80.0,-42.93706293706294,7.156177156177157,0.719143619982464
292320,BA,37.07865168539326,80.0,-42.92134831460674,7.153558052434456,0.703911767453617
292900,BA,37.142857142857146,80.0,-42.857142857142854,7.142857142857142,0.754678337793089
211227,MA,37.142857142857146,80.0,-42.857142857142854,7.142857142857142,0.7338349663859558
291072,BA,37.15846994535519,80.0,-42.84153005464481,7.1402550091074675,0.724583111655116
280290,SE,37.16216216216216,80.0,-42.83783783783784,7.13963963963964,0.7267035045426262
150010,PA,37.21804511278196,80.0,-42.78195488721804,7.130325814536341,0.7007138267764423
290115,BA,37.234042553191486,80.0,-42.765957446808514,7.127659574468086,0.7162885481302024
280710,SE,37.24137931034483,80.0,-42.75862068965517,7.126436781609194,0.7108021888959472
270770,AL,37.28155339805825,80.0,-42.71844660194175,7.119741100323625,0.705633077949008
280050,SE,37.3134328358209,80.0,-42.6865671641791,7.114427860696517,0.7347161296319278
330414,RJ,37.32809430255403,80.0,-42.67190569744597,7.111984282907662,0.7036434058554075
330285,RJ,37.39495798319328,80.0,-42.60504201680672,7.100840336134453,0.7114203050714974
251370,PB,37.404580152671755,80.0,-42.595419847328245,7.099236641221374,0.6695121301135887
240280,RN,37.5,80.0,-42.5,7.083333333333333,0.6825066867296147
171420,TO,37.5,80.0,-42.5,7.083333333333333,0.7151364761869079
240725,RN,37.5,80.0,-42.5,7.083333333333333,0.6302240501286827
160055,AP,37.5,80.0,-42.5,7.083333333333333,0.727257385541981
170290,TO,37.5,80.0,-42.5,7.083333333333333,0.7018667407070194
240650,RN,37.5,80.0,-42.5,7.083333333333333,0.7271038100658727
240485,RN,37.5,80.0,-42.5,7.083333333333333,0.5865431189414405
290770,BA,37.5,80.0,-42.5,7.083333333333333,0.7279327365675421
261340,PE,37.5,80.0,-42.5,7.083333333333333,0.6712767905824685
270220,AL,37.5,80.0,-42.5,7.083333333333333,0.6574187301920207
270290,AL,37.5,80.0,-42.5,7.083333333333333,0.7095313286288057
510270,MT,37.6,80.0,-42.4,7.066666666666666,0.6851178684039161
290730,BA,37.634408602150536,80.0,-42.365591397849464,7.060931899641577,0.7042129568157272
150830,PA,37.6425855513308,80.0,-42.3574144486692,7.0595690747782,0.7161565441900191
330045,RJ,37.69516728624535,80.0,-42.30483271375465,7.050805452292441,0.7132928488791507
211040,MA,37.704918032786885,80.0,-42.295081967213115,7.049180327868853,0.670380745993738
291350,BA,37.735849056603776,80.0,-42.264150943396224,7.044025157232704,0.6451782439441724
290540,BA,37.755102040816325,80.0,-42.244897959183675,7.040816326530613,0.7329334074901526
353580,SP,37.77777777777778,80.0,-42.22222222222222,7.037037037037037,0.6388238426317153
350580,SP,37.77777777777778,80.0,-42.22222222222222,7.037037037037037,0.6069164219187441
292130,BA,37.83783783783784,80.0,-42.16216216216216,7.027027027027027,0.7075872943095629
292990,BA,37.857142857142854,80.0,-42.142857142857146,7.023809523809525,0.6644528319515909
291320,BA,37.903225806451616,80.0,-42.096774193548384,7.016129032258064,0.6917678445637513
290195,BA,37.93103448275862,80.0,-42.06896551724138,7.011494252873564,0.7035448606423633
220440,PI,37.93103448275862,80.0,-42.06896551724138,7.011494252873564,0.7331316462826687
170710,TO,37.93103448275862,80.0,-42.06896551724138,7.011494252873564,0.593876892931621
270370,AL,37.93103448275862,80.0,-42.06896551724138,7.011494252873564,0.6820018417355678
280680,SE,37.93103448275862,80.0,-42.06896551724138,7.011494252873564,0.770319162219782
510700,MT,37.96296296296296,80.0,-42.03703703703704,7.006172839506173,0.6269478462629775
